<?xml version="1.0" encoding="UTF-8"?>
<project-private xmlns="http://www.netbeans.org/ns/project-private/1">
    <editor-bookmarks xmlns="http://www.netbeans.org/ns/editor-bookmarks/2" lastBookmarkId="0"/>
    <open-files xmlns="http://www.netbeans.org/ns/projectui-open-files/2">
        <group>
            <file>file:/C:/Users/user/Documents/SEM%20IV/WEB%20DEV/LAB/S61964_LAB1/EXERCISE/exercise/web/question1.jsp</file>
            <file>file:/C:/Users/user/Documents/SEM%20IV/WEB%20DEV/LAB/S61964_LAB1/EXERCISE/exercise/web/question2.jsp</file>
        </group>
    </open-files>
</project-private>
